Nama,Komentar,Waktu,Likes,Reply Count
@blacksapi9183,"Dosen ketemu pertanyaan y jawabanny bagus,.",2024-01-10T14:03:37Z,0,0
@nonosumedi7015,"Coba perhatikan Anies, bukan senyum melaikan Anies mulutnya tdk bisa mingkem & ngomong  doang (gak bisa kerja)ğŸ˜",2024-01-10T11:32:06Z,0,0
@Syafiq_Qisth,"Waktu kemarin debat pertama menurut saya pak Anies yg bagus
Tapi kali ini di debat ketiga saya setuju pak ganjar yang bagus dan unggul jawabannya",2024-01-10T05:37:39Z,1,0
@tyashermawan4459,"Nilai debat kemarin 
Paslon 1 = 120
Paslom 2=180
Paslon 3= 120
Ini nilai tensi darah",2024-01-09T13:04:37Z,2,0
@juzis5783,"Suka banget lihat percakapan dan bahasa tubuh Anies Baswedan disindir juga tetap berikan senyum aku bahagia lihat bahasa tubuh, gestur keseluruhan bikin adem bikin seneng lihatnya dunia internasional juga",2024-01-09T11:05:46Z,2,0
@user-wz8tt7zc6j,Palestina dibawa2,2024-01-09T09:29:45Z,0,0
@blikadekkadek6587,"Pk Prabowo,no 2
â¤",2024-01-09T07:54:09Z,0,0
@ignw3757,"Ijin komen, mohon kedepannya komentatornya diganti yang fair tanpa pro paslon manapun, jadi yang di bahas secara fair seperti komentator yang di kanan depan itu bagus banget ngulasnya, tapi yang jas biru blakangnya kurang bagus cenderung nambah nambahin untuk paslon tertentu sekaligus ngejudge paslon lainnya,,, komentator harus fair, memberikan komentar tentang apa yang dibahas semua paslon, salam ğŸ™",2024-01-09T05:48:35Z,0,0
@user-lc2rt8yr9g,"Saya makin semangat mendukung anis, karna tata bicara nya amat wibawa, dan pantas jadi pemimpin indonesia",2024-01-09T00:15:01Z,1,0
@tunjukanakujalanyglurusdan6718,Semakin kau serang prabowo semakin kami nyakin coblos prabowo subianto,2024-01-08T23:52:24Z,0,0
@windigulo6682,Pak Prabowo hebat pak jgn terkecoh sama dua Paslon lainnya yang menyuruh membuka rahasia pertahanan  negara secara terbukaâ¤,2024-01-08T19:21:07Z,0,0
@dimaspanji7428,"Gua setuju nih sama yang pake kemeja putih kacamata, anis ngomong ini itu bla bla bla segala macem pertanyaannya, GIMANA CARANYA, faktanua dari 1 juta rumah dp0% yang dibahas waktu debat sama ahok, cuma terealisasi kurang dari 10.000 , anis itu pinter bicara jadi kita harus hati hati, balik lagi Gimana caranya",2024-01-08T18:48:59Z,0,0
@dimaspanji7428,"Dari 4 menit pembukaan anis, cuma kata kata ""food estate memperkaya kroni"" Aja sih yang fakta, sisanya omong kosong, mau memerdekakan palestina katanya emang dia siapa? Mau pakai cara apa? Kalo janji itu kasih itung itungan nya jangan cuma angan angan dan akhirnya tidak terealisasikan seperti rumah dp 0%",2024-01-08T18:40:24Z,0,0
@effitarachmaniswati5536,"Man of the Match Pak Ganjar Pranowo...total penampilannya...Lugas, Tegas , Berwibawa...plus bonus stylenya Badazzzz",2024-01-08T17:00:49Z,1,0
@kutoro-ck8cr,Kpu tolong waktunya lebih panjng lagi untuk si penjawab agar jawaban lebih jelas terperinci tidak setengah2,2024-01-08T16:04:16Z,0,0
@AhmadnrAhmadnr-oy8yj,Siapa pun presiden ny smoga semakin jaya dan sejahtera sluruh rakyat Indonesia,2024-01-08T15:35:22Z,0,0
@farizcakep3247,âœŒï¸âœŒï¸,2024-01-08T14:46:15Z,0,0
@afidatulmuzayyanah2890,Pak anis kok ga kedip2 ya matanya kuat bgt,2024-01-08T13:48:24Z,0,0
@nugrah.marjuki1236,Btw penonton yg hadir itu dari kampung mana . Kok ribut kayak anak2 smp maen futsal,2024-01-08T13:28:03Z,0,0
@Yourssxx_,"BAPAKKK PRABOWOO I LOVEEE YOUUU PAK!!! SEHAT SEHAT YAAA PAK, POKONYA BAPAK HARUS PIMPIN 1 PERIODE MENJADI PRESIDEN DI INDONESIA!! SEHAT SEHATTT PAKKKKKK",2024-01-08T13:21:08Z,4,0
@JokiAutocad,"Prabowo ini dari sisi komunikasi dan gagasan sangat dibawah anis dan ganjar, kadang ganyambung sama pertanyaan",2024-01-08T13:18:26Z,0,0
@user-vj6in2fu3n,All in pak prabowo,2024-01-08T12:55:22Z,0,0
@yogaputra6328,"Apakabar e-KTP pak ganjar, kok bahas korupsiğŸ˜Š",2024-01-08T12:54:35Z,1,0
@yogaputra6328,"Ayolah rakyat Indonesia, buka mata hati kalian klo mata masih bisa dibohongi, lihat jelas dri debat ini sudahlah bantu pak anies jadi presiden, kalian jangan membohongi diri sendiri. Lihat rekam jejak dan fakta yang di paparkan",2024-01-08T12:52:25Z,0,0
@endangdwihandayani5386,Aku paham sih mksd prabowo,2024-01-08T12:44:36Z,0,0
@angeliadyah1206,Emhhh di di obrolan newsroom kaya condomg ke 1 paslon..menurutku sih,2024-01-08T12:17:02Z,0,0
@fendicabak2137,Komentatornya gak netral cuma mengunggulkan 01 doank,2024-01-08T12:10:51Z,0,0
@user-bw5wn3yb5u,ALL IN PRABOWO,2024-01-08T12:02:05Z,0,0
@fendicabak2137,Kalo tinggal ngomong enak... Tp liat waktunya cuma 1menit pada mikir gak ngejelasin itu bukan cumankaya membalikan telapak tangan,2024-01-08T12:01:20Z,1,0
@tiokettiok2678,"Pak Anis : Sibuk ngurusi toko sebelah ğŸ˜…..pdhl toko dia sendiri ga jualan barang, cmn jualan brosur yg menarik ğŸ˜…ğŸ˜…ğŸ˜….

Fix. Prabowo. dengan segala sifat manusiawi. Beliau ""Bapak"" Sesungguhnya. bukan bocil sok iyes ğŸ˜‚",2024-01-08T11:43:36Z,1,0
@rouzzaqgalih4610,kok ada orang milih anis,2024-01-08T11:23:10Z,0,0
@nadiadjohansimanjuntak3895,"Aneh bngth, namanya debat... ya attack lah, nyerang. Kalo ga nyerang namanya MINTA DI NASEHATIN. Kalo Balap Mobil Atau Balap Motor ada bagian team yang buka jalan buat pemenang, bantu hajar kompetitor supaya yang lain bisa melaju. Debat kali ini rasanya seperti itu... salah satu paslon setujuuu aja kerjanya supaya paslon lainnya keliatan pinter, padahal biasa aja, zona aman.",2024-01-08T11:09:29Z,2,0
@UmiSalma-qk4ib,"Pak ganjar terlihat jelas kecerdasan nya dlm brtnya jawab, bukan mengorek2 kslhan org lain,, 

salut jg sm pak gemoy,, Kasian bannget,, beliau seperti nanam kacang yg lupa sm kulitnyağŸ˜¢",2024-01-08T10:08:35Z,5,1
@dimaspanji7428,"Ketiganya paslon ini sebenernya emang bermasalah kita harus akui itu, kita punya data dan fakta untuk membuktikan itu. 

Tapi emang anis ini gaya politiknya bahaya, bahaya banget dia bisa halalkan segala cara untuk cari suara. Apalagi orang orang plosok yang mungkin masih kurang edukasi dan fokus dalam mencerna apa yang dia katakan 100% akan termakan dan menjadi suara untuk anis ini
Berbahaya",2024-01-08T18:43:13Z,3,
@micindunia4241,"Anis dibilang hy pinta berkata-kata, tapi didebat ini apa yg dikata-kata Anis, semuanya adalah sesuai fakta. ğŸ˜‚",2024-01-08T09:56:39Z,3,1
@user-uv6oe7ch4c,Betuull fakta....setuju... Namun juga beliau tidak menjawab dengan spesifik apa yang harus dilakukan...jadi kita hanya menangkap apa yg beliau mau...bukan contoh action ato langkah yang seperti apa...,2024-01-09T16:29:19Z,0,
@kotimaoot6608,All in Prabowo,2024-01-08T09:54:39Z,0,0
@ariffach,"INDONESIA berpeluang besar dipimpin oleh presiden yang hebat, semoga jalan demokrasi  yang dipilih oleh rakyat indonesia tidak membuat PELUANG ini berlalu begitu saja.... MARI kita semua memilih pasangan no 1 Bapak Anies Rasyid Baswedan dan Bapak Abdul Muhaimin Iskandar sehingga terwujud menjadi pasangan Presiden dan wakil Presiden Indonesia 2024 - 2029... aamiin...",2024-01-08T09:30:49Z,4,1
@ahmadharmaini1904,aamiin,2024-01-08T13:51:08Z,0,
@Djakartaparadise,"PESAN SAYA, HAI PARA CALON PEMIMPIN INDONESIA 2024...SIAPAPUN YANG NANTINYA TERPILIH, TOLONG BERIKAN YANG TERBAIK UNTUK MENYEJAHTERAKAN KAMI...JANGAN NANTI KETIKA TERPILUH KALIAN LUPA TENTANG KESEJAHTERAAN KAMI. KAMI BENCI OMONG KOSONG PERDEBATAN TANPA BUKTI, KARENA KAMI SUDAH KENYANG DENGAN JANJI. TERIMA KASIH.",2024-01-08T09:22:07Z,0,0
@civilmost,Nyalahin kementrian pertahanan karna keserangan hacker pak anies ini tahu tidak itu tugas siapa?. Kementrian Pertahanan itu tugasnya menjaga kemanan kedaulatan negara yang real bukan siber,2024-01-08T09:09:13Z,1,3
@kny9648,"Oh iya ya cyber itu untuk yg bisa komputer ya, ga digabung, berarti anis asal ngomong dong",2024-01-08T09:27:14Z,1,
@civilmost,@@kny9648 Setahu saya itukan tugas kominfo dan BSSN,2024-01-08T09:51:16Z,0,
@civilmost,"@@kny9648 Kalo kemenhan itu pertahanan terkait serangan terhadap wilayah dan kedaulatan indonesia Darat, Laut, dan, Udara",2024-01-08T09:52:25Z,0,
@kny9648,"Nice Ganjar jangan biarkan Anis memanfaatkan waktu seenaknya, langsung bilang aja jika sekiranya anis salah seperti yg dibilang prabowo di awal, anis ga bilang lebih jelas lagi tahu nya cuma menyindir/menghasut",2024-01-08T09:05:21Z,1,0
@user-dx6fo9wc7i,"Ganjar debat kayak anak kecil , utk menjelaskan hal serumit itu dgn 1mnt mana bisa blok goblok , ttp pragib presiden & wakil presiden 2024",2024-01-08T09:04:20Z,0,0
@adesulistiana,"Ketiga tiga nya bagus 

Tapi ternyata Serem ya pak anis.. 
Nyerang pak prabowo terus
Kayak ada dendam ğŸ˜‚ğŸ˜‚

Pak prabowo kayak tulus ya
Pak ganjar juga bagus

Jadi bingung milih yg manağŸ˜¢",2024-01-08T09:00:52Z,1,0
@micindunia4241,"Saya pilih Ganjar, tapi andaikan Prabowo yg menang juga gak apa2,  siapa tau memang dia yg terbaik. Sebagai rakyat aku lihat Prabowo baik muji2 Ganjar, tapi Ganjar tega menyerang Prabowo.ğŸ˜‚",2024-01-08T08:58:05Z,1,0
@samuri5450,Anis terlalu ambisi ğŸ˜‚ğŸ˜‚ğŸ˜‚ğŸ˜‚,2024-01-08T08:47:37Z,1,0
@civilmost,"Untuk mas al, gini aja anggaran kita itu termasuk kecil dibanding dengan negara-negara Eropa seperti Inggris, jerman, perancis, russia. Atau kalo dari Asia ada China, Jepang, Korea, Singapura, Taiwan, dan, di amerika utara ada Amerika, Canada. Yang salah ada yang 1kuadriliunan keatas. Ditambah harga alutsista ini bukan seharga gorengan Jet Tempur AS yang F-22 Raptor itu kalo gak salah 1,2T/Unit dan selain F22 Raptor yang lainya juga alutsista tidak murah. Anda mengatakan prabowo tidak berplanning anda tidak usah menurut saya karna pak prabowo sendiri memangnya menurut anda beliau tidak mengerti militer?",2024-01-08T08:45:22Z,1,0
@user-dx6fo9wc7i,"Enggak semua org ahli bahasa sprtimu pak Anis pak Anis klw cuma pinter ngmng tp kerjanya nol nggak penting , aku tetap pragib",2024-01-08T08:44:54Z,0,0
@user-fd1lt1ji5o,O2 tetap di hati,2024-01-08T08:23:23Z,0,0
@user-fd1lt1ji5o,Acam dlm negri guna apa negara  punya tentara polisi sama saja Anis TDK taw,2024-01-08T08:21:36Z,0,0
@andysignergy,"siapapun yang jadi presiden rasanya tidak jadi masalah. asal bukan anis. 
anis : misinya : merusak indonesia.
ganjar : bersemangat terlihat berusaha membuktikan diri.
prabowo : kita semua merasakan, sangat menjaga ucapan karna ini persoalan pertahanan indonesia. 

kesimpulan : kali ini saya sangat hormat sama pak prabowo dengan begitu banyaknya data yang bisa di buka tapi tetap berusaha untuk di simpan demi indonesia.",2024-01-08T08:20:06Z,8,5
@user-pe2qz8cw4f,Pak Anies bukan untuk merusak melainkan mengoreksi lalu merevisi sesuatu kinerja yg kurang obyektif. berarti perubahan untuk perbaikan.faham merusak itu sangat keliru bro.,2024-01-08T10:10:33Z,3,
@elsajulianti2154,Ngaco banget merusak. Banyak2 belajar woy,2024-01-08T12:01:17Z,1,
@rosalialende3702,"Byk bicara tong kosong nyaring bunyinya (anis) 

Pak ganjar the best",2024-01-08T13:16:30Z,0,
@andysignergy,@@elsajulianti2154 ğŸ˜…ğŸ˜…ğŸ˜… kita warga jakarta udah di kasih pelajaran membual.,2024-01-08T13:30:01Z,0,
@Netanyahu_anak_lonte,"â€‹@@andysignergyemang lu aja yang warga jakarta, gw juga jakarta kali... 
Malah gw merasakan kemajuan Jakarta sejak dipimpin Pak Anis..",2024-01-08T14:27:30Z,0,
@igedediarkadana4431,Ganjar the best,2024-01-08T08:11:05Z,0,0
@user-fd1lt1ji5o,"Pak prabobo,,,,org hebat bicara soal Alusista beliau sudah makan garam dari prajurit Hinga panglima masi ingat to",2024-01-08T08:03:55Z,0,0
@user-fd1lt1ji5o,"Pak Anis,pandai mencari kelemahan org tapi TDK perna menyalakan diri sendiri
Pak Ganjar,hebat dalam negri tapi di luar negri pak Ganjar belom di kenal dunia",2024-01-08T08:01:50Z,1,0
@user-fd1lt1ji5o,"Soal Alusista bekas itu termaksud org hebat yg pandai   menilai Krn barang bekas sudah banyak operasi dan sudah terbukti banyak pengalaman 
Klo yg baru jgn sampe pake sebulan Uda keok,Krn belom perna di uji dlm Medan perang alian winior",2024-01-08T07:57:49Z,1,0
@Neuvari,"janji2 surga lu nies, lu dulu janji utamalu pas jd gubernur aj ga kesampean, mana rumah DP 0%nya?",2024-01-08T07:28:38Z,0,0
@Neuvari,"ini anies ma wowo saling tusuk, udahlah mending milih si ganjar aja",2024-01-08T07:25:35Z,0,0
@saptialestari262,Gaji pns aja mandek sama pak anis ğŸ˜…ğŸ˜…ğŸ˜…,2024-01-08T07:24:42Z,2,0
@yohanayoku6741,"Ya ampun, Pak Anis Focus aja ke visi & misi BpkğŸ˜‚. Biar rakyat yg menilai",2024-01-08T07:15:08Z,1,1
@zakipku1104,Nama jg debat bambang,2024-01-08T07:54:11Z,0,
@basukirudyrahardjo6773,anis bicara normatif seperti masyarakat awam. Kalau debat ya jangan kosongan gitu. Atau nggak ada isinya,2024-01-08T07:06:28Z,0,0
@zakipku1104,Maaf Pak. Gaza bukan org org lemah,2024-01-08T06:48:06Z,1,0
@jasjus3983,"Seorang pemimpin negara itu sejatinya harus punya kemampuan yg komplit, selain punya kecerdesan intelktual harus punya jiwa merakyat dan itu hanya ada dalam diri Ganjar.",2024-01-08T06:43:09Z,1,0
@ahmadsurono1748,Amoh ngomngeğŸ˜‚,2024-01-08T06:42:33Z,0,0
@Neuvari,"klo ngeliat dr orang2 ini yg debat kyny mang paling bagus si ganjar deh, klo prabowo bagus di gibrannya, klo anies jelek dua2nya",2024-01-08T06:41:43Z,7,0
@Neuvari,anies kalo senyum manis ya tapi kok hatinya busuk sih?,2024-01-08T06:40:52Z,5,0
@Heruthowil,Pendukung 02 mukanya kuat ya Ga malu ğŸ˜‚,2024-01-08T06:34:50Z,0,2
@muhamadamri9386,Bazzer bgğŸ˜…,2024-01-08T09:55:14Z,0,
@Heruthowil,@@muhamadamri9386 iya bang wkwk,2024-01-08T10:06:38Z,0,
@Neuvari,"ini prabowo apa2 stuju ganjar, coba kasi pendapat yg lebih baik kek ato apa gitu, ky nyomot kunci jawaban aja",2024-01-08T06:28:42Z,0,0
@Vulus_-.-_-.-_-.-_-.-_-.-_-.-_,"aq liat anis kok tanggapan dan jawaban bisa fokus terus, ini org makanannya apa yak?",2024-01-08T06:28:28Z,0,0
@Heruthowil,Prabowo selalu memuji ganjar niatnya mau ngajak buat nyerang anis eh malah sebaliknya ganjar dan anis menyerang prabowo kasiaan di phpin ganjarğŸ˜‚ di rujak habis2an ama anis dan ganjar,2024-01-08T06:27:50Z,3,0
@Neuvari,"anies masi ga berubah aja cara maennya, suka menjatuhkan orang, sama dr dulu ampe sekarang ampe kedepannya ga bakal berubah itu akal busuknya",2024-01-08T06:24:51Z,9,0
@bangorbudak,hanya ptabowo yg fair dan satria,2024-01-08T06:23:04Z,0,0
@Neuvari,selatan2 apalah pret lu nies,2024-01-08T06:21:43Z,1,0
@kinlaz,"yang berkualitas hanya no.1, lah..klo ngomong di kanca internasional mosok hrs berjam2 ya harus tegas, lugas, santun dan ada gagasan...sungguh malu kami mendukung no.2 awalnya ..., manteb pindah ramai2 ke no.1..., paslon ini layak dapat bintang..., dari uraian, jawaban semua jelas...., coba bayangkan kalo mau pilih ketua kelas...mosok pilih yg banyak blunder, emosionalan, dan gak punya gagasan....sori yee..smakin manteb pindah ke no.1 , nyesel selama ini ke no.2",2024-01-08T06:16:24Z,0,0
@dewiherya9692,Kalo ngomong doang mah gampang fakta nya yang sulit buktinya â€œsaya tidak akan maju memotong proses pencalonan kalo pak prabowo lawan nyaâ€ dan faktanya sulit sekali untuk dijalankanğŸ˜‚ contoh kecil,2024-01-08T06:14:06Z,0,0
@user-fc5ow8bj9k,"Ini Debat CAPRES apa HANYA ingin Bertanya Tentang Alustsista Pertahanan Ke Pada 1 Orang, Pengen Ketawa Takut Dosa hahahahaha",2024-01-08T06:11:27Z,0,0
@sakkarepkoe3228,"fakta , 01 dan 03 mencari kesalahan 02,,. mbokyo bercermin,.......sy PDI , tp besok mantap 02",2024-01-08T06:11:10Z,9,1
@tyashermawan4459,"Debat pertama prabowo menyerang anis dg tanya anggaran sekian di buat apa di dki tapi dijawab dengan data,giliran di genti tanya kek gitu bilangnya mencari kesalahan wkwkwkw",2024-01-09T12:58:02Z,0,
@Neuvari,anies jd presiden rohingya di lautan lepas aja,2024-01-08T06:10:28Z,1,0
@dikiariski7170,Prabowo prabowoğŸ˜‚,2024-01-08T06:09:30Z,0,0
@anggiramdani8578,Ocehan moderator membagongkan,2024-01-08T06:09:11Z,0,0
@Neuvari,"nis ngomong jangan lama2 nis, bikin mencret2 nih gw",2024-01-08T06:07:50Z,0,0
@Web3-ud9fi,"Bingung sih,  pak anis kaya kutu loncat sana sini... 
Ya gtuh klo dikasih panggung, sama kaya komentatornya..  

Pdhal pk prabowo Dari tadi Diem,  disenggol senggol mulu.. 
Kocak emang pak anis sma komentator jeda nya ğŸ˜…
Dibilang berapi api,  ya mangkanya focus sma tujuan sendiri,  bukan nyenggol nyenggol orang awowkwok",2024-01-08T06:05:23Z,1,0
@SuYadi-lv5sy,"Kami tahu mana Calon ihlas dan tidak
Yg kita butuh langkah kongkrit utk penyelesaian problem tantangan kedepan sesuai fisi misinya.
Bukannya fisi misi memancing emosi dan pandai  merangkai kata  demi elektoralnya.
Kami faham karakter tiap calon. Kami butuh pemimpin yg gk banyak bicara tapi nyata kerjanya dan merangkul semua.bukan yg pinter bicara tapi bingung mau ngapain",2024-01-08T06:01:03Z,1,0
@ahmadsurono1748,Omon omon doangğŸ˜‚,2024-01-08T06:00:36Z,0,0
@saefulkasep1318,Nunggu rocky gerung mengkritik ..,2024-01-08T05:50:28Z,0,0
@Gilang_xtc,"Ok oc keren banget gagasan nya tapi pembuktian nya 0 BESAR wkwkw omong doang katenye,...",2024-01-08T05:49:28Z,0,0
@tinamr5432,Pemimpin itu yang bisa menjamin KESEJAHTERAAN dan Rasa Aman Rakyatx...itulah Prabowo !,2024-01-08T05:48:07Z,2,0
@abdulrohim-rz8pm,"mak nya hindari perdebatan

smua punya kekurangan dan kelebihan",2024-01-08T05:47:55Z,0,0
@dhanidegiel6478,Saya melihat kemenangan ada di pak prabowo di 2024,2024-01-08T05:47:00Z,16,1
@tyashermawan4459,"Kemenangan curang,dilihat dari putusan MK aja keliatan",2024-01-09T13:02:36Z,0,
@michaeldino4649,Wan abud anis udh g jualan jamu ta,2024-01-08T05:44:56Z,0,0
@arfiandewi8325,Pak ganjar keren ğŸ‘,2024-01-08T05:44:45Z,1,0
@mbakning1374,"Gk butuh omong omong doang, 
Kami butuh kerja nyata,",2024-01-08T05:43:46Z,1,0
@JavestRiviera-dz9rn,Bagian yg anies nilai mentri pertahanan di bawah 5 itu mana ya? Menit berapa kalau ada di video ini,2024-01-08T05:42:00Z,0,0
@WongBatangBosQu97,Waktunya Prabowo presiden,2024-01-08T05:38:20Z,0,0
@misterhf2303,"Prabowo: kalah telak dalam debat karna dia masih mentri saat ini
Ganjar : main aman normatif banget
Anis : menguasai acara ini full.. gagasan nya juga dapet tinggal pembuktian nya aja klo dia emang nti menang baru bisa tau gmn nya",2024-01-08T05:37:32Z,4,0
@Ali_Alf,"Manis dan santun ucapan anis ,ibarat pisau bermata 2 ..",2024-01-08T05:29:03Z,1,2
@Web3-ud9fi,Calon presiden ko bgitu ğŸ˜…,2024-01-08T06:28:55Z,0,
@agrifinacikuita7783,@@Web3-ud9fiPresiden angin ğŸ˜¢,2024-01-08T08:43:43Z,0,
@lutfiazahara1076,kata org jaman dlu klo tai laletnya ada di deket bagian mulut orgnya pinter ngmng tpi sedikit aksinya ğŸ¤£paham lah siapağŸ¤­,2024-01-08T05:26:51Z,3,0
@mayanr9397,Pak anis manis bngt ngomongnya,2024-01-08T05:26:31Z,2,0
@user-ix8px8lw5r,Rohingya Bebas masuk pak,2024-01-08T05:19:04Z,0,0
@user-mh8ku2jq5y,Terimakasih pak Prabowo,2024-01-08T05:16:22Z,2,0
@ronskalit8384,Anis guru bahasa Indonesia - expert di pelajaran mengarang.,2024-01-08T05:16:13Z,44,2
@elsajulianti2154,03 emng engga gt?,2024-01-08T12:00:31Z,0,
@tyashermawan4459,"Terus prabowo siswa yg sering bolos,jadinya tau sendiri kek gitu wkwkw",2024-01-09T12:56:18Z,2,
@RehansaputraSaputra-xj9hm,Saya sepenuhnya dukung Prabowo tapi pengen liat nyoba sia anies yg jadi presiden kasih waktu dia jadi presiden bisa apa dan coba lihat kinerja nya sesuai nggk sama mulutnya penasaran,2024-01-08T05:14:26Z,0,1
@dhpxxi,Trial?  AhhahğŸ˜‚,2024-01-08T13:36:05Z,0,
@LUCKY-qt1kl,Kok jd takut ya kalo 01 jd presiden,2024-01-08T05:12:44Z,1,0
@sitato904,Anis kayaknya di keroyok,2024-01-08T05:02:14Z,0,0
@iamkingb9969,"Negara selatan yg berhasil dalam hal korupsinya ğŸ˜‚, sama jual hukum si sambo gajadi mati anjay",2024-01-08T05:00:06Z,0,0
@SriSabarti-lp6xy,"Duh pak anis...pak anis... ğŸ¤£ğŸ¤£memang pinter bgt omong ğŸ‘ğŸ‘
tp belum tentu pelaksanaanya mewujudkan nya banti bagaimana. krn  memang bicara tak semudah membalikkan telapak tangan. okay mohon dipahami semuanya ğŸ™",2024-01-08T04:58:32Z,2,0
@megafitriana8774,"Maaf ya 
Pak Ganjar kaya lgi jdi dosen ngasih materi
Pak anis sellu menjatuhkan
Pak Prabowo reslistis di kehidupan yg nyata 
Jngn sling menjatuhkan hanya untuk pribadi sendri, kalihatan pemimpin yg tidak pintar",2024-01-08T04:51:31Z,14,3
@Web3-ud9fi,"Betul bnget..  Sma kaya komentatornya 
Menjatuhkan lawan dan menyerang 
Pdhal bisa Focus aja sma tujuan mereka 
Ngpain nyenggool nynggol..",2024-01-08T06:10:45Z,1,
@luthfianshori5787,"Realistis apaan, prabowo itu kuno pikirannya. Pengen impor sapi 1,5 juta ekor dari India. Padahal impor dari India aja dilarang karena banyak  PMK. Ngambil referensi dari tumpeng 4 sehat 5 sempurna, PADAHAL INI PENGETAHUAN KUNO, yg benar adalah gizi seimbang.
Susah payah kemenkes mensosialisasikan program gizi seimbang, malah dirusak ama prabowo bahwa susu itu MINUMAN sempurna, padahal engga",2024-01-08T17:03:34Z,0,
@Web3-ud9fi,@@luthfianshori5787 coba dman datanya gue mau cek skrng..,2024-01-08T17:13:43Z,0,
@yuni8753,"Ehh ini emg engga ada suara atau gimana yaaa,, soalnya di aku video emg engga ada suara nyağŸ˜¢",2024-01-08T04:48:50Z,0,0
@hijetsyalom1321,lainyya sibuk menyerang pribadi. tetapi prabowo benar benar dewasa dalam bernegara.    jiwa anda besar pak. saya yakin ini tahun anda,2024-01-08T04:48:33Z,6,0
@brammamauri6433,GanjarbwiğŸ‰ğŸ‰ğŸ‰ğŸ‰â¤â¤â¤â¤,2024-01-08T04:47:04Z,0,0
@sardisahabuddin1817,Klu anda semua ingin berubah hanya satu jalan ialah coblos AMIN1 anies baswedan & Muhaimin iskandar presiden & wakil presiden RI 2024 ini Aamiin ya rabbal alaamiinğŸ¤²ğŸ¤²ğŸ¤²âœŠâœŠ,2024-01-08T04:32:42Z,0,0
@frengkianari1043,Aku tetap Prabowo gibran,2024-01-08T04:26:52Z,1,0
@azzamuu,"01, 02, 03 fak lah semua, udah paling bener indonesia jadi negara anarki aja, bubarin pemerintahan biar semuanya berlaku seenaknya. lagipula mau siapapun presidennya kkn di indonesia masih berjalan kok, jadi mungkin kalau gak negara anarki bisa dicoba negara monarki biar gaada yang keberatan kalau ada politik dinasti ataupun praktek kkn.",2024-01-08T03:54:20Z,0,0
@andikaatmaja-iy3mp,Menurut saya memang anis kayanya keren,2024-01-08T03:20:11Z,1,0
@kadiyonokadiyono5063,Good pak anis,2024-01-08T03:00:22Z,0,0
@kadiyonokadiyono5063,"Pak prabowo kurang tanggap ,kurang cerdas jauh untuk seorang presiden",2024-01-08T02:59:18Z,1,0
@damangliman4355,anis pintar omong doang hasil nya 000,2024-01-08T02:24:54Z,2,0
@TomyGame-ip2uw,Wooyyyyy kalian smua ngapain repot2 menilai masalh debat kalian nilai aj besok klw udh jadi bener gak apa yg di debat kan di lakukan oleh masing2 capres,2024-01-08T02:16:21Z,0,0
@TomyGame-ip2uw,"Pak prabowo memang tak pandai mengarang kata2 bahkan memang saya akui sllu kalah dalam debat karna pak prabowo tidak suka menebar janji2 dia langsung membuktikan kpd rakyat tnp hrus mengobral janji2 mnis 
Itu yg saya suka dri bpk prabowo senang menebar bukti tanpa mengobral janji 
Hebatt kau pak semoga alloh memenuhi sgl hajat mu pak,,..
Org yg paling ikhlas pda rakyat menurut alm kiayi jombang gus durâœŒï¸âœŒï¸",2024-01-08T02:13:08Z,3,0
@rishicrk,PRABOWO ALL IN ğŸ”¥ğŸ”¥ğŸ”¥ğŸ”¥ğŸ”¥ğŸ”¥,2024-01-08T02:08:55Z,3,0
@duduwongsolo,dari debat semalam kita tau siapa yg paling tenang jiwa mentalnya,2024-01-08T02:07:15Z,4,0
@yusufarroyyan,Di menit 5:05 yg g pro prabowo udh ga ada kemana?,2024-01-08T01:34:06Z,0,0
@AmirGaming544,Gue baca komen yang banyak cakap pasti pendukung anis ... Seperti anis juga banyak cakap ...sama kek pendukung nya ... Semua presiden siapapun yang jadi ... Ujung ujung nya sama ja ...,2024-01-08T01:05:58Z,1,0
@nungkynurhayati9635,AMIN untuk perubahan,2024-01-08T01:04:13Z,3,0
@ANIMETV-sh3pu,wawdaw,2024-01-08T00:57:05Z,0,0
@hariyonoyono9943,PS waktunya istirahat lebih baik jadi engusaha pa pa,2024-01-08T00:53:33Z,1,0
@gamealkaff8449,prabowo kesulitan sndiri atas kelakuannya mengatakan data2 kedua cawaores tidak valid....rasakan itu,2024-01-08T00:23:23Z,3,0
@mochi_flora150,"Ganjar Mahfud pasangan yg ditakuti oleh para KORUPTOR dan PERAMPOK NKRI..smg menjadi pemimpin Bangsa Indonesia , membawa negara kita melesat menjadi negara Maju,kuat, dan disegani di dunia..tapi jangan jadi anak Mami Partai ya...kalau kalian tdk terpilih bukan kalian tdk berkualitas tapi justru diantara semua calon kalian lah yg punya level paling tinggi..tapi karena Partai yg mengusung kalian yg membuat kami Sebal..",2024-01-08T00:15:57Z,3,0
@ulinnuha6989,Prabowo memang kurang jago untuk debat tapi saya yakin beliau akan memajukn indonesia âœŒï¸âœŒï¸âœŒï¸prabowo pilihanku,2024-01-07T23:44:33Z,17,0
@user-wz7rn6dp4r,Tetap Prabowo gibran,2024-01-07T23:40:32Z,1,0
@user-eb8vv5mf6h,Si anis pilgub Dki Modal jualan ayat ancur ni negara ğŸ˜‚,2024-01-07T23:33:27Z,0,2
@elsajulianti2154,Apaansi gajelas dah,2024-01-08T09:04:20Z,0,
@muhamadamri9386,Udah makan ngab?,2024-01-08T09:54:55Z,0,
@user-mq3ii8rf9z,GAMA memang buah yg tumbuh menjadi MATANG. Jadilah indonesia Maju.,2024-01-07T23:32:20Z,1,0
@user-cc5fm1st8e,"In my opinion, last night's debate, the coachman debate, was off topic, had no weight, was more personal, especially candidate pairs 01 and 03,  a reflection of the quality of Indonesia's future leaders",2024-01-07T23:30:24Z,3,0
@sleepyavery9669,Manusia bisa dilihat sifat aslinya ketika dia emosi ğŸ˜,2024-01-07T23:29:36Z,16,4
@SuYadi-lv5sy,"Siapapun jika diserang pasti melawan. Apalagi diserang bertubi2.Kita salut pd pak prabowo.
Pertanyaan ganjar pd prabowo tdk mungkin dijawab tuntas dlm waktu singkat walau pak prabowo sangat bisa dan menguasai.
Utk Anis pertanyaan yg tdk brrkualitas. Intinya hanya ingin memancing emosi dan datanya tdk jelas kata prabowo.
Keduannya hanya ingin menjatuhkan prabowo..",2024-01-08T06:12:32Z,4,
@muhamadamri9386,"@SuYadi-lv5sy itu apa yang disampaikan semuanya data mas, dan itulah fungsi debat, kalo memang argumentasi nya keliru ya di serangğŸ˜‚ kok ngamukğŸ˜…ğŸ˜…",2024-01-08T10:53:41Z,0,
@ahmadharmaini1904,tidak berkualitas mata muâ€‹@@SuYadi-lv5sy,2024-01-08T13:49:35Z,0,
@tyashermawan4459,"â€‹@@SuYadi-lv5sydebat pertama anis ditanya anggaran untuk DKI dijawab dg data tuh,gak emosi giliran gantian ditanya kok bilangnya menyerang,..namanya juga debat kalau gak mau di serang namanya musyawarah wkwkw",2024-01-09T13:00:59Z,0,
@user-eb8vv5mf6h,Janji2 manis doang Udah kenyang pak pak!! Apalagi anda Nyerang prabowo terus2an,2024-01-07T23:29:35Z,20,1
@tyashermawan4459,Nyerang gimana,2024-01-09T13:03:11Z,0,
@inspirasihidup536,kalau pak jokowi bisa jadi presiden tentu pak anis juga bisa,2024-01-07T23:01:22Z,0,0
@jonhendri8375,PRABOWO-GIBRAN MENANG SATU PUTARANâ¤,2024-01-07T22:17:40Z,7,0
@elpablitorodriguezharrera,"Gue gada preferensi anies, prabowo, apalagi ganjar, tapi gue gamau boong sama diri sendiri kalo ganjar yang menang debat ini. Buat orang yang baca komen ini, sebelum kalian fanatik dukung salah satu calon, selalu ingat, tidak akan pernah ada perubahan yang signifikan pada indonesia apalagi hidup kita dari pemilu. Jadi, lanjut belajar, lanjut bekerja, ikutin politik sewajarnya. Silahkan buktikan gue salah.",2024-01-07T22:08:44Z,2,0
@chakraningrat8964,Dr segi otak dan isi argumen anis di atas awan,2024-01-07T21:37:19Z,17,7
@joshmaxson9151,"Pertahanan keamanan harus dibuka biar negara lain bisa mampu dengan mudah menyerang, mengalahkan negara kita,prabowo menutup nutupi, anis ingin membuka. Otak anis memang diatas awan ğŸ˜‚ğŸ˜‚ğŸ˜‚",2024-01-08T01:16:47Z,5,
@mekasaputra6114,â€‹@joshmaxson915 Prabowo Subianto juara,2024-01-08T05:10:59Z,2,
@heriltc1256,Maka harusnya  jd presiden di atas awan,2024-01-08T05:46:14Z,2,
@lutfifirmansyah7361,"dari semua pertanyaan itu....kita dpat menilai hanya menyudutkan salah satu calon, dgn waktu sesingkat itu, mana mungkin dapat menjelaskan secara detail dengan data.... lucu.... ingat lah istilah ""Tong kosong nyaring bunyinya""",2024-01-08T06:41:36Z,5,
@mekasaputra6114,@@lutfifirmansyah7361 mantapp poll all in Prabowo Subianto ğŸ¤£,2024-01-08T07:05:50Z,2,
@samuri5450,ğŸ˜‚ğŸ˜‚ğŸ˜‚ğŸ˜‚ğŸ˜‚ğŸ˜‚ğŸ˜‚ğŸ˜‚,2024-01-08T08:44:59Z,0,
@radennaufal61,All In Prabowo! âœŒğŸ»,2024-01-08T19:30:19Z,0,
@wellyliman,"Jujur aja saya kasian melihat Pak Prabowo malam ini. 
Andai beliau berbesar hati tidak nyapres lagi di usianya saat ini yg memang terlihat sepuh,,  gerak lambat memori telat... maka beliau akan lebih dihormati oleh rakyat. 

Debat malam ini terlihat sekali begitu timpang... pak Prabowo sangat keteteran menghadapi 2 paslon lainnya yg jauh lebih muda dan lebih cerdas dlm berkomunikasi.",2024-01-07T21:25:53Z,52,6
@damangliman4355,benar bong,2024-01-08T02:15:38Z,0,
@melatisari4777,"Lah gimana ya, 2 lawan 1. Semuanya pada nyerang pak prabowo. Pak prabowo sibuk dengan negara lah paslon 01 sama 03 sibuk ngurusin pak prabowo",2024-01-08T04:48:51Z,9,
@arilaril9425,"Jangan salah kaprah dulu, coba anda lihat dari beberapa sudut pandang mengenai para calon presiden, mungkin Anda akan lebih bijaksana dalam memahaminya jika tdk fanatik pada 1 sudut pandang sajağŸ™",2024-01-08T05:07:00Z,0,
@tinamr5432,PRABOWO MAJU!,2024-01-08T05:52:15Z,6,
@Web3-ud9fi,Bingung sih ngelawan kutu loncat sana sini..,2024-01-08T06:06:36Z,0,
@nadiadjohansimanjuntak3895,"Karena udah tua dia Bung, udah lebih dari 70 tahun usianya. Rumornya udah 2 kali kena Stroke. Kalo lihat sejarah Kekaisaran, Kingdom, Imperial dimanapun Putra Mahkota yang udah gak sehat gak akan pernah layak diangkat jadi kaisar atau raja.",2024-01-08T11:12:23Z,1,
@gemby7069,"ILING UMUR MBAHHH.....
PIKIRAN LAN FISIK ORA NUTUT... ISINE MUNG NESUÂ²  BAHAYA BUAT NEGARA....
SADAR DIRI MBAH....
WAYAE URIP TENANG MBAH....
KECUALI SAMPEAN MERASA BELUM CUKUP MERAIH DUNIAWI...ğŸ˜Š.",2024-01-07T21:17:10Z,2,0
@bandriocia,"pemenang nya untuk debat ini menurut saya, ganjar pranowo, well done sir",2024-01-07T21:15:38Z,27,0
@yahyajanuarilham2928,"Tim hore yg selalu berisik menunjukkan sdm rendah yg ga bisa tertib walaupun sudah diberitahu tata tertib, berkali2 diingatkan dan ini sudah debat capres yang ketiga kalinya.
Ada waktu utk yel2 dan mensupport paslon tp masih saja tetap tidak bisa tertib.
Saran saya sampaikan oleh panitia di awal bahwa ada tim kemanan yg memaksa provokator atau org yg tidak bisa tertib utk dipaksa keluar selama 10 menit sebelum bisa masuk kembali. 
Masih norak lg  maka ga boleh diijinkan masuk lg. Orang2 mental kaya gini emang harus dipaksa biar bisa belajar.",2024-01-07T20:49:05Z,6,0
@codmgege3698,Indonesia konstelasi global? Lucu sekali bapak ku satu iniğŸ˜‚,2024-01-07T20:44:30Z,1,0
@abghang7530,kasihan prabowo pampai berkerut dahinya...joget duluan prabowoğŸ˜‚,2024-01-07T20:39:18Z,2,0
@jusarmuhammadrusdi589,LET HIM COOK,2024-01-07T20:33:49Z,0,0
@hhl-9579,"01 Ngomongin hunian lagi , tapi untuk aparat,  Hati hati rakyat aja di php dp 0. 

Nanti dia nanya ""emg janjinya apa ya? ""

Hati hati deh sama model gini.",2024-01-07T19:51:21Z,2,0
@jusarmuhammadrusdi589,"Bruh, 2v1?",2024-01-07T19:48:42Z,1,0
@ItsUrBoss99.,BIG RESPECT FOR MR. PRABOWO SUBIANTO DJOJOHADIKUSUMOğŸ˜®â€ğŸ’¨ğŸ«°ğŸ¼,2024-01-07T19:46:15Z,24,0
@kembanggula4772,"Ganjar ga belajar soal carbon capture atau recycle (energy) kali ya??... negara2 maju contohnya Norwegia mulai meredam explorasi oil & gas. Mereka mulai dengan teknologi energi dgn tidak merusak lingkungan. Oh God... Mudah2an Indonesia dapqt pemimpin yg ada otak, wawasan yg luas dan bijaksana dlm mengambil keputusan.",2024-01-07T19:34:27Z,15,0
@dwsulistian,"Bisa-bisanya gue ovt cuma gegara

""Saya boleh berpendapatkan, saya menilai Anda tidak berhak bicara soal etik, karena anda memberi contoh tidak baik soal etik""

Hmmm.. pantesan ga terjawab. Tanpa disadari lagi ngomongin dirinya sendiri.
Mindblowing. Pak paslon 2 ini bisa dibilang mayan juga ya argumentasinya, soal data jg mayan kuat ingatannya ğŸ’«",2024-01-07T19:33:19Z,2,0
@m.rizalsirojudin9935,Pak prabowo di geprek... Jelas2 hukum dipermainkan ama negara ya gini.,2024-01-07T19:31:43Z,2,0
@merdekaagussaputra1504,"Pak Prabowo dan Pak Ganjar seperti koalisi sekali terlihat dari bagaimana Pak Prabowo selalu setuju dengan pernyataan Pak Ganjar. Sedangkan, Pak Anis menjadi oposisi bagi keduanya.


Masalah utama jangan menyerang salah satu Paslon dengan perkataan itu hanya teori dan kata-kata saja. Semua yang ada di debat ini adalah teori. Pembuktiannya yaitu ketika paslon telah menjadi Presiden. Peace.",2024-01-07T19:22:13Z,36,5
@anonimtanpanama3012,Lihat track recordnya.,2024-01-08T01:14:30Z,1,
@siskafitri7576,Lho iya coba liat partai pendukungnya juga. Sama lho mereka,2024-01-08T05:31:19Z,2,
@nonameroad4074,02 dan 03 itu sekutu..,2024-01-08T07:15:22Z,1,
@elsajulianti2154,â€œLagi-lagi saya setuju dengan ganjarâ€ wkwkwk ğŸ¤£ğŸ¤£,2024-01-08T12:13:10Z,0,
@tyashermawan4459,â€‹@@anonimtanpanama3012trackrecordnya dipecat dari militer..!,2024-01-09T12:58:57Z,0,
@jusarmuhammadrusdi589,"Bapak Anies heyy, baru aja mulai pak wkwkwkw. Langsung mancing emosi Pak Prabowo ğŸ˜…",2024-01-07T19:06:35Z,2,0
@fasfas2573,3:56:01,2024-01-07T19:04:13Z,0,13
@fasfas2573,4:18:49,2024-01-07T19:17:47Z,0,
@fasfas2573,4:19:15,2024-01-07T19:18:29Z,0,
@fasfas2573,4:25:45,2024-01-07T19:24:33Z,0,
@fasfas2573,4:31:50,2024-01-07T19:29:55Z,0,
@fasfas2573,4:50:29,2024-01-07T19:41:03Z,0,
@fasfas2573,4:51:22,2024-01-07T19:42:11Z,0,
@fasfas2573,4:53:39,2024-01-07T19:47:06Z,0,
@fasfas2573,4:54:30,2024-01-07T19:48:12Z,0,
@fasfas2573,4:57:41,2024-01-07T19:50:21Z,0,
@fasfas2573,5:00:10,2024-01-07T19:52:57Z,0,
@fasfas2573,5:09:55,2024-01-07T19:58:02Z,0,
@fasfas2573,Momen-momen menarik selama debat. Selamat menikmati.,2024-01-07T21:14:58Z,0,
@fasfas2573,5:13:12,2024-01-07T22:19:00Z,0,
@raihandiadi3290,bole bole nih ganjar kali ini,2024-01-07T19:00:50Z,0,0
@doctorstrange42,"LUR TELUR DIMANA BELI BAJU YANG DIPAKAI PAK GANJAR LUR. KEREN BEUT ğŸ˜‚ğŸ˜‚ğŸ˜‚â¤â¤â¤
Ganteng, gagah dan smart presiden Indonesia. Gak malu2in Dunia.ğŸ‰ğŸ‰ğŸ‰ğŸ‰
Yang setuju like sini
ğŸ«°ğŸ«°ğŸ«°ğŸ«°ğŸ«°ğŸ«°ğŸ«°
ğŸ‘‡ğŸ‘‡ğŸ‘‡ğŸ‘‡ğŸ‘‡ğŸ‘‡ğŸ‘‡",2024-01-07T18:55:42Z,2,0
@rafazumys,"Salam dari warga Malaysia yang melihat keupayaan, kewibawaan serta keyakinan kepimpinan Dr. Anies Rashid Baswedan.
#Amin",2024-01-07T18:50:29Z,27,9
@ukhtisalimah4025,Gak dulu maap. Wkwkkw wibawa dsri mana? Wkwkw,2024-01-08T04:42:43Z,1,
@122_miftahulj3,kewibawaan dalam menghancurkan indonesia tepatnya,2024-01-08T04:55:10Z,1,
@nonameroad4074,@@122_miftahulj3 yg menghancurkan indonesia sdah ada bukti o2.pelanggaran ham berat 1998 sampai prabowo di pecat.. keterlibatan dalam pembunuhan dlam pesawat garuda oleh tim mawar (munir) saat menuntut pelanggaran ham tersebut. Di solo guru honorer di pangkas honornyağŸ¤£ğŸ¤£ğŸ¤£,2024-01-08T07:26:07Z,2,
@Niceday_Goodday,â€‹@@122_miftahulj3 prabowo ingat kasusÂ² nya cobağŸ¤£,2024-01-08T08:07:12Z,0,
@tinamr5432,Prabowo maju!,2024-01-08T08:21:50Z,0,
@samuri5450,Buktikan klo Prabowo Subianto melakukan pelanggaran HAM bos â€‹@@nonameroad4074,2024-01-08T08:43:30Z,0,
@ahmadharmaini1904,â€‹@122_menghancurkan mata mu miftahulj3,2024-01-08T13:54:53Z,0,
@rafazumys,@@122_miftahulj3 na'uzubillahiminzalik..semoga Indonesia aman makmur harmoni sejahtera dan masyarakatnya hidup dalam kebahagiaan dan rukun,2024-01-08T14:13:23Z,0,
@dindadinda9901,lu ga di ajak,2024-01-09T09:23:42Z,1,
@ronaldosubakti2389,"Debat kali ini hanya menyudutkan di setiap paslon.. bukan lebih menunjukan kemampuan nya dalam berdebat..
Lebih baik fokus ke pengalaman masing masing agar masyarakat bisa menilai itu baik atau tidak menjadi presiden selanjut nya ğŸ«¡ 02",2024-01-07T18:48:44Z,16,1
@tiokettiok2678,"- Jualan Prestasi, Visi & Misi ""NO""
- Lambe Nyinyir ""Yes""
emak gibah ya ğŸ˜…",2024-01-08T11:51:53Z,1,
@user-bl7zb8xe1p,2 vs 1.. wkwkwk,2024-01-07T18:42:09Z,2,0
@nabilmakarim1410,"Nah loh, kok pk Brabowo bilang tidak dikasih waktu dan waktuny gk cukup dan gk fair, sedangkan Pk Anies dan Pk Ganjar dapat 1 minute jg..!!! Di 5:25:32
Disini jelas siapa yg keliru ya saudaraâ€, btw salam hormat buat pk Ganjar, berani juga dia ternyata..ğŸ¤£
Insya Allah presiden 01 ğŸ©µ",2024-01-07T18:32:04Z,20,3
@mekasaputra6114,Hancurr negara jika Ganjar jadi presiden ğŸ˜‚ğŸ˜‚ Prabowo Subianto juara,2024-01-08T05:14:29Z,2,
@triastuti01,loh loh anda ini gimna? ğŸ˜‚ gue rakyat jelata aja paham & ngerti yang dimaksud sama pak prabowo untuk menutup privasi soal keamanan. dudududuuuu lol,2024-01-08T05:40:41Z,4,
@saptialestari262,Ttp Prabowo yg menangğŸ˜…ğŸ˜…,2024-01-08T06:58:47Z,3,
@irhampramudya,"Bisa ga seeee Jokowi lanjut dulu nambah seperiode?? Kenapa krn kondisi dunia saat ini masuk dlm kondisi darurat dlm hal apapun di belahan bumi manapun..gada waktu bwt begini2 anâ€¦ jokowi ttp presiden, ini tiga orang jd tenaga2 ahlinya !! Ini darurat !!",2024-01-07T18:23:04Z,3,1
@dwislm6361,Lu siapa?,2024-01-08T05:28:25Z,0,
@FunnymationArt,Jadi menhan AJJ ga bisa.. kaya gini mau jadi presiden??,2024-01-07T18:19:37Z,7,0
@yunishara9469,Tentara tidak punya rumah karena mereka hidup royal makan mau enak2 trus kalau mau nabung bnyak kok tentara kaya di desaku,2024-01-07T18:10:38Z,3,1
@MazhabSyafii,"Tentara polisi itu sudah gede gajinya
Yg kasian itu justru pns daerah ğŸ˜­
Gaji pkok 2,6jt gedean gaji karyawan alfamart mungkin",2024-01-07T19:16:18Z,0,
@FunnymationArt,Pak Prabowo malau tuh,2024-01-07T18:10:00Z,0,0
@alipanugrah6864,Pak ganjar sudah sangat baik tapi lebih bedah lagi pak serag keduanya capres posisi bapak ada di tengah sangat mudah menyerang mereka,2024-01-07T18:02:42Z,1,0
@alipanugrah6864,Ayolah pak wowo ğŸ˜ªğŸ˜ªğŸ˜ª jangan kaya anak tk yang lagi debat ... agak serius dan di dengar dengan baik itu enak banget pertanyaan nya dan bapak di bidangnya pengolahan kata tolong lah pak ğŸ˜¢ğŸ˜¢ğŸ˜¢,2024-01-07T18:01:34Z,6,2
@triastuti01,"banyak bicara sama extion beda pak wkwk
lu yang kek anak tk, masa gtu aja tanggepanya enteng gini sih? sdm rendah mana bisa ngerti",2024-01-08T05:43:33Z,1,
@yaja9818,Gjelasss,2024-01-09T02:44:13Z,0,
@user-lo2mu6lo2p,"Kasih an wowoo,,kalah lgi",2024-01-07T17:59:10Z,2,0
@Ryan-wv2ow,Karena itu saya dukung jokowi 3 periode..,2024-01-07T17:55:41Z,3,0
@user-mr7me5mo2s,Tidak hanya omon omon omon akan jadi meme,2024-01-07T17:48:58Z,0,0
@kiritoa7134,"Ini adalah calon presiden yg nyata untuk Indonesia jelas untuk rakyat Indonesia AMIN MENANG (01) insyaallah PRESIDEN ku 


Bukan lewat jalur kebohongan MK( 02) dan bukannya menjadi petugas PARTAI (03)",2024-01-07T17:47:52Z,6,0
@nabilmakarim1410,"Momen pk prabowo TAK BISA MENJAWAB DAN MERASA KEBERATAN, apakah itu sudah jelas dengan bukti atau masyarakat masih belum sadarâ€¦!!??
Tolong para penonton lihat di waktu 4:54:30 
ğŸ¤ğŸ¤ğŸ¤ğŸ¤
Ini bukan saya yg ngomong loh..ğŸ¤
Yang jelas kalau Pk Anis tidak menjadi presiden yaitu pasti ada kecurangan. ğŸ©µ01",2024-01-07T17:46:48Z,6,0
@63401762,Anis pemenangnya,2024-01-07T17:43:14Z,5,0
@tuliskuasal9848,"Liat udah beberapa kali analisis komentator disampaikan mengunggulkan Ganjar & Anis, tapi pendukung 02 tetap bertahan hanya karena argumen ""beliau berbicara bedasaran pengalaman"" bukan poin2 yg dipelajari dari pengalamannya, tapi sesimpel karena beliau punya pengalaman. Betapa buruknya cara nentukan pilihan ğŸ˜‚",2024-01-07T17:36:09Z,25,7
@kawaiikoto8800,"Gak butuh pinter ngomong, yang penting kerja nyata. Ngomong doang aktor juga bisa.",2024-01-07T18:31:40Z,7,
@tuliskuasal9848,"@@kawaiikoto8800KALO GITU DEBAT INI BUAT APA???? 

Ketiganya kerja nyata, ada hasilnya, ada bagusnya, ada kurangnya, semua ada datanya. Kalo parameternya kerja nyata, mana kajian komparasi data hasil kerjanya yg bisa dipelajarin??? Bukan debat metodenya, tapi kajian data. Ada ga kajiannya? Udah pernah pelajarin belum? Apa cuma ikut2an kampanye dangkal ""yg penting kerja nyata"" tapi senderinya ga paham kerjanyata itu gimana.

Kesel lama2 sama jawabn template gini. Keliatan bodohnya tau ga. Bisa ancur negara ini sama rakyatnya sendiri kalo pemikirannya serendah ini.",2024-01-07T18:43:24Z,9,
@silo79dwi,Lah.... Kemaren kubu 01 dan 03 bukannya teriak2 mempersoalkan pengalaman gibran? Apa bedanya?,2024-01-08T00:07:12Z,1,
@anandaikhsan9372,"@@tuliskuasal9848silahkan dikomparasi kerja nyata Paslon 1,2, dan 3. Silahkan cari dan lihat di google kerja nyata dari Pak Anies, Pak Ganjar, dan Pak Prabowo. Simpulkan sendiri kerja nyata para capres",2024-01-08T03:33:46Z,0,
@Web3-ud9fi,"Klo cuma ngomong anak sd juga bisa.. 
Apalagi ngarang ..
Bingung sih kalo penghianat dikasih panggung,  kliatan udh kaya kutu loncat sana sini.. Wkwk",2024-01-08T06:08:26Z,1,
@thisismykidvideo970,"Pusing dengar komentatornya, kompas koq tumben bawa komentator yang gak ngerti akar masalah. Pernyataan-pernyataan yang normatif dan utopis koq malah dianggap bagus.",2024-01-08T09:53:45Z,0,
@alvin65mubarok67,"â€‹@@tuliskuasal9848termasuk dirimu berarti yaa bisa menghancurkan negara ini krna dirimu yg pinterr ngmong tpi tidak ad buktii, samasama kesel seh klo cuma ngmong panjang"" tpi gtw acuaan jabatan itu fungsinya untuk apa,,",2024-01-08T18:21:06Z,0,
@obbysaputra,â¤â¤â¤â¤ğŸ‰,2024-01-07T17:33:56Z,0,0
@anonimtanpanama3012,"Woewo kosa2 katanya sangat sederhana tak terstruktur, harus belajar lagi komunikasi verbal.",2024-01-07T17:24:40Z,3,0
@Zulkarnain-ke9lz,"prabowo kebanyakan kata-kata saudara-saudara sekalian. gw setuju poin yg pa anies bilang. benlanja senjata bekas, tapi tentara kita sengsara. Tanah prabowo dimana-mana bener juga perusahaan jg bnyk. kalo kata bu conie itu pake perusahaan fiktif pula belanja alustista. ada apa? trs prabowo bilang ada ambisi menggebu2. lah bukannya dia yg ambisi dg kekuasaan berkali-kali nyalon gagal.ğŸ˜‚ payah..",2024-01-07T17:22:11Z,6,0
@tuliskuasal9848,"Jadi paham kenapa beredar statement pendukung 02 banyak dari intelektualitasnya yg rendah. Sdm rendah itu ga mudeng dgn konstruksi gagasan yg rumit, makanya Anies dibilang jago retorika aja karena memang bahasa dia cukup tinggi. Pun juga ga mudeng dgn apa yg dibicarakan Ganjar. Sdm rendah lebih mudah memahami dan juga tertarik pada sesuatu yang sederhana, seru, dan menghibur mereka. Paslon 02 yg berapi-api, membawa emosi, mengedepankan citra, meski kata2nya sederhana dan bbrp kali disebut tidak menjawab oleh komentator, tetep lebih mudah diterima kalangan sdm rendah.

Kayaknya PR pertama sebelum pemilu naikin kualitas pendidikan Indonesia ini wkwk",2024-01-07T17:10:09Z,14,17
@obiwanjovi2925,"Kalau tidak melihat sejarah kinerja, janji2 dan strategi pak Anies, saya sudah pasti memilih beliau, dalam debat ini saya akui pak Prabowo mmg agak kurang dalam mengontrol emosi dan berbicara data, berbeda seperti pak Anies dan pak Ganjar yang memiliki inisight yang luas dan analisis yang jitu, tetapi setidaknya pak Prabowo tulus dalam melayani negeri ini, dan kinerjanya beserta mas Gibran di bidangnya masing2 sudah cukup bagus dan terbukti bukan cuman omong kosong.",2024-01-07T17:34:45Z,5,
@tuliskuasal9848,"Alasan ketulusan dalam melayani negeri itu normatif dan parameternya abstrak untuk membandingkan ketika paslon. Ketiganya pasti tulus, kalau ngga, gimana cara buktiin ketidak-tulusannya? Soal kinerja, ketiganya punya data track-record. Saya warga Jakarta terasa sekali bedanya setelah pak Anies jabat, warga Jateng pun demikian dgn pak Ganjar, begitu juga solo. Kinerja ketiganya ada datanya, data itu kompleks, dan kompleksitas itu bisa ditanggulangi dengan metode debat yang mengedepankan gagasan dan intelektualitas dari masing paslon dengan sebuah pertanyaan.",2024-01-07T17:57:35Z,3,
@tuliskuasal9848,"@@obiwanjovi2925Jadi yang namanya menentukan pilihan presiden ga bisa hanya pakai alasan2 normatif atau sekedar perasaan yg bisa jadi terbangun karena kondisi sosial kita. Subjektifitas di momen ini bahaya karena taruhannya nasib negeri. Jadi memang udah seharusnya wajib apa yang kita nilai itu dari kemampuan mengonstruksi gagasan, pengambilan keputusan, kebijakan, yang bisa direpresentasikan dengan motede debat ini.",2024-01-07T18:02:17Z,1,
@kawaiikoto8800,"Prabowo emang gak bisa ngomong, tapi kaum intelektual sama tahu kalo anies itu cuma jago ngomong dan kebanyakan omdo. Gw warga jakarta ngerasain banget kemunduran jakarta pas zaman anies dibanding zaman ahok.",2024-01-07T18:35:04Z,6,
@tuliskuasal9848,"@@kawaiikoto8800Gw warga jakarta, dan gw tau datanya kemajuan semenjak dipegang pak Anis. Dan gw juga tau kemajuan Jateng semenjak dipegang pak Ganjar. Gw juga mengakui adanya kemajuan waktu Gibran pegang. 

Saya ga menunggulkan salah satu paslon, dan ironinya klaim Anda soal kaum intelektual itu kenyataan kebalik. Hampir ga ada satupun akademisi2 yg saya kenal dukung Prabowo, pun argumen yg Anda bilang itu sama sekali ga mencirikan intelektual. Malah jadi lucu ketika kaum intelektual anda sebut, soalnya itu argumen dangkal template yg biasa dipake orang2 yg nihil kemampuan merancang argumen yg baik, alias rendah.",2024-01-07T18:49:18Z,1,
@kawaiikoto8800,"@@tuliskuasal9848 Entahlah, tapi di kedokteran tempat gw pada dukung antar wowo atau ganjar, dikit banget yang dukung anies apalagi si imin. Udah pada punya pengalaman sama orang yang cuma pinter ngomong doangğŸ˜…",2024-01-07T18:58:28Z,2,
@merdekaagussaputra1504,@@obiwanjovi2925the same goes for Pak Ganjar dan Pak Prabowo. Intinya track record mereka berdua juga tidak lebih baik daripada Anis.,2024-01-07T19:29:22Z,0,
@tuliskuasal9848,"@@kawaiikoto8800 lah gw di ITB banyak yg dukung Anies. Statement intelektualitas rendah ke Prabowo & tinggi ke Anies pun pertamakali yg bilang Ridwan Kamil. Kayaknya sih akhirnya tergantung bubble juga ğŸ˜…

Kalau Ganjar scr objektif memang oke banget. Lebih layak sebenarnya Ganjar dan Anies yg bersanding, makanya mereka berdua di sini nyambung banget, komentatornya pun banyak berkutat dgn gagasan mereka berdua.

Tapi untuk 02, hmmm, ga ada alasan objektif yg cukup meyakinkan ğŸ˜…",2024-01-07T19:29:47Z,0,
@AmirGaming544,â€‹@@tuliskuasal9848 Ni orang kek Anis banyak cakap ...tau data jkrta lah tau data Jateng lah tau solo lah ... Semua presiden SM ja ... Makan ya cari sendiri bukan presiden yang ngasih ...,2024-01-08T01:01:40Z,0,
@obiwanjovi2925,"@@tuliskuasal9848 yakin keduanya tulus? Untuk pak Ganjar sendiri saya pribadi belum terlalu tau, tapi kalau pak Anies saya ingat benar kok strategi2 licik yang dilakukan oleh pak Anies untuk memenangkan pemilihan gubernur Jakarta, CONTOH Nyata : Mengeksploitasi kaum Islam untuk memihaknya dibandingkan Ahok, pak Anies memang pintar, dia tau kelemahan tiap saingannya, tetapi cara2nya untuk memenangkan itu justru malah menunjukkan sifat asli pak Anies, yaitu EGOIS, waktu debat gubernur juga saya ingat beliau selalu menghindar dari pertanyaan pak Ahok dan justru malah ngelantur memberikan data2 yang tidak valid dan gagasan2 yang bagus tapi tidak realistis.

Kalau anda mengatakan pendukung 02 rata2 bukan kaum intelektual, saya dan banyak teman kampus saya lebih memilih orang yang tidak sepintar Anies TETAPI kerjanya terbukti nyata dan bukan cuman bullshit janji sana sini.

Kalau tidak melihat sejarah ya, pilihan yang paling masuk akal cuman 2 yaitu Ganjar atau Prabowo.",2024-01-08T01:51:03Z,2,
@adamrompies4709,â€‹@@tuliskuasal9848sdm rendahğŸ˜‚,2024-01-08T03:34:12Z,0,
@berlianakay,"lu kali yg sdm rendah, ditipu slogan ""orang pinter pilih anis"" aja ketipu. pilih mah gimana hati bos, dibilang pinter sama orang langsung cinta ya?ğŸ˜‚ğŸ‰",2024-01-08T03:52:07Z,0,
@tuliskuasal9848,@@berlianakay terimakasih sudah membuktikan langsung poin2 saya ğŸ˜Š,2024-01-08T06:19:07Z,0,
@tuliskuasal9848,"@@obiwanjovi2925 Prabowo juga memakai narasi populis waktu pemilu sebelumnya, lupa ya? Ganjar juga punya kasus Wedas-Kendeng. 

Bilang Anies bullshit doang juga salah, gereja mudah mendapat IMB hingga 50 gereja, Jaklingko, titik banjir berkuranh dr 105 titik ke 35, dsb. Tapi memang track record Anis ga sempurna, sama seperti 2 paslon lainnya.

Bahkan pertanyaan bukti kerja lbh tepat diarahkan ke Prabowo, karena beliau bukan gubernur lebih ga kerasa lg buat masyarakat, tapi kok bisa yakin bukti kerja nyata?

Saya ga mengunggulkan salah satu paslon. Poin saya, pakai ketulusan sbg parameter itu konyol banget. Naif sekali Politikis ga pakai strategi. Gibran yg bisa jadi cawapres dengan drama MK yg sangat memcurigakan aja itu strategi politik. Sampai ketuanya dicopot oleh dewan kehormatan, itu jauh lbh bisa dibilang ga tulus, sadar ga?",2024-01-08T06:38:31Z,0,
@tuliskuasal9848,"Yah melihat komentar2 di sini terutama pendukung 02 jadi sadar, susah Indonesia maju kalau rakyatnya sendiri aja diajak diskusi akal sehat malah jawabnya ga nyambung.

Malah bilang â€œpandai ngomong doangâ€, si anjir yg namanya diskusi, adu gagasan, ya isinya ngomong.

Landasan pilihannya abstrak banget, ga jelas, ga masuk akal, terlalu terbawa arus.

Walaupun ideologi politiknya jauh berbeda, tapi gw lebih rela antara 03 atau 01 yg terpilih.",2024-01-08T06:44:53Z,1,
@obiwanjovi2925,"@@tuliskuasal9848 anda sama aja kayak beliau, munafik dan merasa diri superior dibanding yg lain, bilangnya gak memihak tapi kenyataannya gimana, coba deh survey kepuasan masyarakat Jakarta periode pak Anies vs pak Ahok, banyak janji manis tapi beberapa saja yang terpenuhi, dan itupun tidak maksimal dan jauh dari target yang dijanjikan, bahkan gagasan2nya saking tidak realistis sehingga ketika dieksekusi justru malah gagal, beliau juga lebih fokus hal2 besar dan tidak penting seperti alokasi dana untuk monumen bambu disaat Jakarta masih dilanda banjir sana sini, beberapa program pak Ahok juga disepelekan oleh pak Anies seperti mesin parkir yang terganti dengan tukang parkir liar, kali Ciliwung dan lain sbg. Masyarakat Jakarta pasti sebagian besar sependapat dengan  saya dan tidak terbodohi oleh data2 palsu.

Intinya belajar sejarah dulu sebelum termakan kata2 manis sosok politician, hanya karena anda mengerti retorika dan teori beliau, bukan berarti anda harus sejalan dengannya.

 Banyak orang bodoh mungkin lebih memilih 02, tetapi lebih banyak orang bodoh yang ingin terlihat pintar berkoar2 memilih 01.",2024-01-08T07:36:11Z,2,
@obiwanjovi2925,"@@tuliskuasal9848 coba deh liat debat pilkada anies vs ahok, dah keliatan yang mana gak nyambung dan ngelantur bicara gak realistis disana.",2024-01-08T07:45:07Z,0,
@alipanugrah6864,"Anis ini sangat pintar untuk menciptakan kata"" yang sangat inspiratif tapi eksekusinya gimana bisa kagak itu yang penting bos",2024-01-07T17:06:57Z,11,5
@merdekaagussaputra1504,ğŸ˜‚ emang lainnya bisa. Semua samanya bos teori dulu ntar baru dibuktikan. Tapi teorinya mana yang baik. Peace,2024-01-07T19:08:17Z,3,
@alipanugrah6864,@@merdekaagussaputra1504 kan bisa di liat dari rekam jejaknya media informasi suda mudah di akses kok,2024-01-07T19:42:09Z,1,
@Dadangkurniawan990,Fakta sekarang teori doang lihai tapi praktik nya nol ketika sudah terjun ke lapangan,2024-01-08T00:20:59Z,1,
@alipanugrah6864,@@Dadangkurniawan990 kemungkinan bukan karena praktek nol bang tapi liat juga siapa lawanya dan kawanya kalo tidak bisa mengajak lawan jadi kawan ya bakal banyak yang menggagalkan setiap praktik,2024-01-08T00:31:52Z,0,
@user-uv6oe7ch4c,Jawabannya kayaknya temen2 warga DKI yg udah pernah ngerasain kepemimpinan beliau sm yg terdahulunya lebih berimpact dan kerasa inovasinya yg mana...? ğŸ¤£,2024-01-09T16:38:34Z,0,
@dashkiwing9339,"yg levelnya rendah dikasih pertanyaan etika aja udah cukup, kalau etika sudah pantas baru dikasih pertanyaannya lanjutan ğŸ˜‚ğŸ˜‚",2024-01-07T17:06:11Z,1,0
@Fraktur-Hepar,"Wowo memperlihatkan karakter aslinya :

Mungkin saja Fadli dan jajaran lainya melihat ini sangat malu dalam nurani mereka walau mereka melindungi dengan berbagai Dali akan tetapi tidak dapat menutupi semua kebohongan itu.

Sangat tempramental, wowo seakan playing vik'tim nyatanya dia memulai duluan menyerang pribadi dan provo'katif, banyak alibi seakan dia selalu benar dengan memanfaatkan jabatan incumben seakan itu sosiali, menutupi tidak transparan, wowo sangat menahan emosional, dipaksakan menjadi seakan lucu gemoy kalem tidak jahat nyatanya justru dia tidak dapat mengendalikan semu itu.

Wowo kamu perlu belajar lagi tentang kedewasaan, kebijksanaan, kendali psikologi, sejatinya pemimpin itu bisa mengayomi, menerima dan memberi. 

Ingatlah aku jika aku menyimpang dan dukunglah aku jika itu dalam kebaikan. Itulah pemimpin (Umar bin Khatab)

Memang darah mu mengalir darah yahvdi mamamu dan cina dari Sumitro, mungkin itu sudah menjadi karakter bangsamu",2024-01-07T17:03:10Z,6,4
@MazhabSyafii,"Sudah"" Lah nyebar hoax nya sodara",2024-01-07T17:29:44Z,2,
@codmgege3698,Kalo yang slepet-slepet itu sudah dewasa belum bangğŸ˜‚,2024-01-07T20:52:05Z,1,
@silo79dwi,"01 aja udah nyerang food estate, nyerang kepemilikan tanah sejak dari pidato awal....",2024-01-08T00:10:26Z,2,
@Web3-ud9fi,"Ini contoh otak yg di gadein.. 
Sma kaya jungjungannya pak anis 
Ya klo kutu dikasih panggung ya gtuh.. 
Bisa loncat sana sini... Dri awal debat pak prabowo Diem..  Anis udh kaya israel tiba tiba nyerang..  ğŸ˜…
Calon presiden ko bgitu",2024-01-08T06:27:28Z,1,
@imanunderbone,Besok rame di sosmed potongan2 debatnyağŸ¤£,2024-01-07T17:01:06Z,5,0
@MazhabSyafii,"Dengar nis kata prabowo, kalo mau ngomong ke orang barat ya harus jadi contoh dulu. 
Masa mau jadi negara panutan bawa kata"" Doang ke negara orang. Nis nis..",2024-01-07T16:54:38Z,1,0
@radennaufal61,prabowo gibran all in,2024-01-07T16:54:24Z,2,0
@sulaimanabdussalam5394,4:43:27,2024-01-07T16:52:45Z,2,0
@reh00n42,Sasuke gampang kepancing sihğŸ¤£,2024-01-07T16:43:47Z,3,0
@sumichannel3107,"Ya Allah, takdirkan Pak Anis memimpin RI 2024, Aamiin",2024-01-07T16:32:49Z,8,2
@ms_c_15,Aamiin,2024-01-07T17:41:41Z,1,
@nauvalashar5601,Aminn,2024-01-08T05:48:43Z,0,
@ChoerinAmry,"kasian pk prabowo diserang sama murid2nya, debatnya mnyerang mbah wowo smua, moga klo ada debat lg bs lebih proporsional tidak tedensi ke 1 paslon saja",2024-01-07T16:32:42Z,11,2
@HammamLcMSy,prabowo sudah waktunya pensiun,2024-01-07T22:28:23Z,1,
@OfficialDFN,Tetap pak prabowo,2024-01-08T04:10:17Z,1,
@ernilutifahanugrah6626,pak prabowo berbicara sesuai fakta dilapangan â¤â¤,2024-01-07T16:30:42Z,20,9
@RamzJb-gm6ew,pret wowo gabisa ngomong ğŸ˜‚,2024-01-07T16:35:31Z,0,
@Habibkiting,ah perasaan ngga deh wkwk,2024-01-07T16:35:49Z,0,
@Zulkarnain-ke9lz,"prabowo kebanyakan kata-kata saudara-saudara sekalian. gw setuju poin yg pa anies bilang. benlanja senjata bekas, tapi tentara kita sengsara. Tanah prabowo dimana-mana bener juga perusahaan jg bnyk. kalo kata bu conie itu pake perusahaan fiktif pula belanja alustista. ada apa? trs prabowo bilang ada ambisi menggebu2. lah bukannya dia yg ambisi dg kekuasaan berkali-kali nyalon gagal.ğŸ˜‚ payah..",2024-01-07T17:25:19Z,2,
@rawuhwati5540,Wkwkkkw TETAP PRABOWO LAHH 02,2024-01-08T00:45:18Z,3,
@ernilutifahanugrah6626,@@Habibkiting ya perasaan lu aja ğŸ˜‚ yg menhan kan dia bkn anies atau ganjar klau anies mah mantan menteri pecatan itu baru fakta ğŸ˜‚,2024-01-08T02:59:24Z,0,
@ernilutifahanugrah6626,"@@Zulkarnain-ke9lz tp ada fakta yg anda lupa 1.anies jdi gebenur jg pakai duit prabowo 2. dia udah tdd surat ngk bkalan jd pesaing prabowo saat dia msih menjabat jd gebenur 3. dia menghianati sby dan ahy ğŸ˜‚ itu fakta ,sekalian jg saya mau titip tolonv tanyaain gmn duit lem aibon, helem proyek seta duit penghapus papan tulis ğŸ˜‚",2024-01-08T03:01:42Z,2,
@Zulkarnain-ke9lz,@@ernilutifahanugrah6626 liat mata najwa disana di bahas jelas detai. Jd jngn asal komen kalo kurang wawasan.,2024-01-08T03:05:18Z,1,
@mekasaputra6114,"â€‹@@RamzJb-gm6ewBPK kau gak bisa ngomong terus knp dia bisa jadi capres kalau GK bisa ngomong, intinya kerja BKN ngomong doankk",2024-01-08T05:26:11Z,0,
@radennaufal61,prabowo! âœŒğŸ»,2024-01-08T19:29:56Z,0,
@anisaseptian1163,"ah ngomong apaan ini intermesonya, gak objektif",2024-01-07T16:29:54Z,1,0
@fauzanagusta,"tanpa melihat latar dan sepak terjang serta pemberitaan dr masing2 calon, fokus ke debat, maka saya menilai dari sisi pengetahuan dan sikap serta tata krama dalam debat ini, hanya seorang yang menurut saya lebih unggul dan jika memang debat bisa menentukan siapa yang layak memimpin maka seorang itulah yang paling layak.ğŸ˜",2024-01-07T16:28:29Z,14,8
@user-mr7me5mo2s,Ganjar?,2024-01-07T17:48:04Z,2,
@anggitaningrum7147,Ganjar,2024-01-07T22:46:42Z,1,
@Annileo5168,Ganjar,2024-01-08T06:08:09Z,0,
@MarioKondo,Q wonng Jateng ngaleh prabowo,2024-01-08T11:10:43Z,0,
@fauzanagusta,"@@user-mr7me5mo2s karena berupa pertanyaan, jika anda bukan pendukung ganjar maka secara langsung anda menyatakan bahwa yang saya maksud adalah pak ganjar tp jika anda dari awal memang pendukung ganjar maka itu masih dipertanyakan karena masih bisa subjektif. silahkan anda melihat secara objektif",2024-01-08T14:31:06Z,0,
@fauzanagusta,@@anggitaningrum7147 menurut anda berarti yang saya maksud adalah pak ganjar,2024-01-08T14:31:27Z,0,
@fauzanagusta,@@Annileo5168 ini juga menurut anda bahwa yang saya maksud adalah pak ganjar,2024-01-08T14:32:00Z,0,
@fauzanagusta,@@MarioKondo agak tidak logis ketika kita mengeluarkan pendapat dan memaksakan pendapat pribadi ke kelompok tertentu. pendapat kelompok harus dinyatakan dengan tegas melalui media tertentu yang bisa dipertanggungjawabkan,2024-01-08T14:34:50Z,0,
@susisulistianah1971,02,2024-01-07T16:23:08Z,2,0
@syafriadibro6547,Debat ke 3 MLM ini menurut penilaian saya yg unggul no urut 3 pak ganjar ğŸ˜ğŸ‘ğŸ‘,2024-01-07T16:20:07Z,10,1
@rosalialende3702,Se7 bnget,2024-01-08T13:18:24Z,0,
@wongkito3864,"Anis itu minim wawasan kalah gagasan 

Kalo ganjar sebelas dua belas dgn anis

Yang tepat untuk memimpin Indonesia ini adalah prabowo Gibran

Salaam dari palembang",2024-01-07T16:19:14Z,11,11
@robymaulana5266,Palembang 80% pilih Anies kok,2024-01-07T16:28:46Z,5,
@vavadimasprasetya2375,Ngimpi lu ketinggian,2024-01-07T16:28:51Z,1,
@ernilutifahanugrah6626,â€‹@@robymaulana5266 gw palembang dan gw ngk milih aniesğŸ˜‚ğŸ˜‚,2024-01-07T16:31:18Z,0,
@robymaulana5266,"@@ernilutifahanugrah6626 jakarta 70% Anies wkwk, orang jakarta kan rata2 pendidikan tinggi",2024-01-07T16:36:19Z,2,
@robymaulana5266,@@ernilutifahanugrah6626 yaa lu orang palembang yang 20% nya berarti,2024-01-07T16:37:02Z,3,
@Zulkarnain-ke9lz,"prabowo kebanyakan kata-kata saudara-saudara sekalian. gw setuju poin yg pa anies bilang. benlanja senjata bekas, tapi tentara kita sengsara. Tanah prabowo dimana-mana bener juga perusahaan jg bnyk. kalo kata bu conie itu pake perusahaan fiktif pula belanja alustista. ada apa? trs prabowo bilang ada ambisi menggebu2. lah bukannya dia yg ambisi dg kekuasaan berkali-kali nyalon gagal.ğŸ˜‚ payah..",2024-01-07T17:27:00Z,2,
@Juno-nw9cw,Berapa bayaran buzzer pak?,2024-01-07T17:29:25Z,0,
@robymaulana5266,@@Juno-nw9cw bayarannya cukup dengan wawasan dan hati yang bersih untuk mengawal suara anies baswedan.,2024-01-07T17:32:33Z,1,
@robymaulana5266,"@@Juno-nw9cw anies gak punya uang, pendukungnya rata2 tulus tanpa iming2 uang",2024-01-07T17:33:04Z,2,
@ms_c_15,"ogah ah gw pilih belimbing sayur, ntar doi jadi presiden ancooorrr negara kita",2024-01-07T17:43:39Z,1,
@ilhampratama4969,Lah gue Palembang gue pilih no 2,2024-01-08T05:26:06Z,0,
@liverpoolsejati7695,"Anies Baswedan tetap unggul jauh gagasan terukur jelas, lugas & logis masuk akal mudah dipahami sangat menguasai panggung argumentasi sesuai data tak seperti Wowo narasi tak sesuai fakta tak berani menunjukkan data semakin kelimpungan mati kutu tak berkutik!!",2024-01-07T16:04:58Z,9,27
@alipanugrah6864,Tapi aksi 0 ğŸ˜…ğŸ˜…ğŸ˜… rekam jejak buktinya,2024-01-07T16:17:34Z,4,
@vickyarstyan6540,jembuttt,2024-01-07T16:18:21Z,0,
@faridfajrul9600,â€‹@@alipanugrah6864yg dimaksud kerjanya 0 itu Wowo kan wkskw.. Jangan suka jujurlaağŸ˜‚ğŸ˜‚,2024-01-07T16:22:01Z,3,
@deedeedamdam,lambe tok,2024-01-07T16:23:49Z,0,
@FinaKarisma,"Tak berani menunjukkan fakta dan data karena itu pertanyaan mengenai pertahanan indo oyğŸ˜‚ dia yg paling tau saat ini pertahanan indo seperti apa. Dan itu rahasia negara. Dannnnn dengan â€œpintarâ€nya ditanya rahasia itu demi pembahasan debat pemilu. Dunia lagi gabaik2 aja, palestina israel, rusia ukraina, rohingya, ditengah2 itu semua, ente nyuruh pak prab buka data? Waras ora? Dia bukan gabisa, dia gamau karena masih warasğŸ˜‚",2024-01-07T16:24:59Z,3,
@robymaulana5266,@@alipanugrah6864aksi 0 itu menurut anda yang males baca dan gak sekolah,2024-01-07T16:28:07Z,2,
@nurullwakidah4363,@@FinaKarisma setuju,2024-01-07T16:41:36Z,0,
@MazhabSyafii,"Dengar nis kata prabowo, kalo mau ngomong ke orang barat ya harus jadi contoh dulu. 
Masa mau jadi negara panutan bawa kata"" Doang ke negara orang. Nis nis..",2024-01-07T16:56:36Z,1,
@robymaulana5266,"@@MazhabSyafii Minimal masih muda, sehat, kuat lari dan bisa diskusi akademis dengan mahasiswa UI UGM",2024-01-07T16:59:41Z,1,
@robymaulana5266,"@@MazhabSyafii apa jadinya kalo anak baru kemarin jadi wapres wkwk.. toh kalo presidennya anies, mentri pertahanan tetepnprabowo, menkopolhukam tetep mahfud",2024-01-07T17:01:10Z,1,
@robymaulana5266,"@@MazhabSyafii apa jadinya kalo anak baru kemarin jadi wapres wkwk.. toh kalo presidennya anies, mentri pertahanan tetepnprabowo, menkopolhukam tetep mahfud",2024-01-07T17:01:19Z,1,
@nabilmakarim1410,"@@alipanugrah6864anda mungkin tidak tinggal di jakarta ya, karna orangâ€ yg tinggal di jakarta melihat banyak perubahan semenjak Pk Anies menjadi gubernur..
Btw soal rekam jejak antara 2, entah kau sudah kena BRAINWASHED atau tidak melihat rekam jejak ny mereka, karna sudah jelas no.2 & no.3 kacau semuah ğŸ˜‚ğŸ˜…ğŸ¤¦ğŸ»â€â™‚ï¸..
Semoga aja Pk Anies menjadi PRESIDEN.. AMIN 01 ğŸ©µ",2024-01-07T17:02:54Z,2,
@alipanugrah6864,"@@nabilmakarim1410 lah jakarta itu ibu kota bung dan sekarang informasi menyebar dengan cepat .. jika sehebat yang anda katakan kenapa tidak sampai ke kota lain ï¼Ÿ Justru kalau dia bukan apa"" tapi rekam jejak nya di kenal sampai ke plosok"" terlihat lebih bisa eksekusi gak sih bos ... coba jelaskan eksekusi apa yang dilaksanakan anis yang tiak ada di media kenapa cuman kegagalan program apakah emang semua gagal atau anda akan bilang media adalah bazzer ğŸ˜€ğŸ˜€ğŸ˜€ğŸ˜…",2024-01-07T17:11:42Z,0,
@alipanugrah6864,@@robymaulana5266 ğŸ˜…ğŸ˜…ğŸ¤£ğŸ¤£ jangan melawak bung selalu mengatakan rekam jejak tapi rekam jejak nya gak ada yang bener semua ...,2024-01-07T17:14:42Z,0,
@alipanugrah6864,"@@faridfajrul9600 bisa di lihat di media bang mana yang kerjanya bagus dan mana yang omongan nya bagus ğŸ¤“ğŸ¤“ apa jangan"" abang juga akan bilang media semua di beli",2024-01-07T17:15:54Z,0,
@MazhabSyafii,"@@robymaulana5266 apa masalahnya anak muda yg penting berkompeten, anak muda itu paling mengerti permasalahan dunia digital zaman sekarang.",2024-01-07T17:16:51Z,0,
@robymaulana5266,@@alipanugrah6864 ganti KTP jakarta dulu. Orang2 jakarta 70% dukung anies,2024-01-07T17:17:20Z,2,
@robymaulana5266,"@@alipanugrah6864 orang kalo kuliah sarjana, magister dan orang2 terpelajar pasti pilihnya Anies.",2024-01-07T17:18:08Z,1,
@MazhabSyafii,"@@robymaulana5266 ya silahkan diskusi dgn mahasiswa ga ada yg larang, 
Kalo parobowo dan gibran lebih langsung mendatangi masyarakatnya. Itu cuma cara kampanye masing"" Paslon",2024-01-07T17:18:27Z,0,
@nabilmakarim1410,"@@alipanugrah6864masingâ€ kota ada gubernur ny bung, susah klo kita mau bergerak tapi dibataskan.. maka itu musti kita baca history ny bos, semuah ini sesuai data bukan hanya omonâ€ ğŸ˜…..",2024-01-07T17:19:32Z,2,
@robymaulana5266,@@MazhabSyafii Anak muda gak punya pengalaman. Apalagi masuknya pakai cara yang tidak etis. Mengubah konstitusi secara sepihak!,2024-01-07T17:19:37Z,1,
@robymaulana5266,@@MazhabSyafii dunia digital? kalo mau adu kemampuan digital kenapa gak ahli IT di Universitas Indonesia yang jadi presiden? Banyak orang2 jenius di sana,2024-01-07T17:20:54Z,1,
@dmlovecity,0 NOL,2024-01-07T17:57:38Z,0,
@MazhabSyafii,"â€‹@@robymaulana5266ngerubah apanya, memang aturannya yg longgar. UUD nya lemah . 
Pamannya kena kode etik tidak berdasar, yg menggugat itu kan mahasiswa",2024-01-07T17:59:34Z,0,
@MazhabSyafii,"â€‹@@robymaulana5266minimal anak muda ngerti, sehingga tidak salah dlm mngambil sebuah keputusan.",2024-01-07T18:02:26Z,0,
@robymaulana5266,"@@MazhabSyafii baru tau gue gibran lawannya orang2 besar seperti mahfud, anies, muhaimin iskandar. Harus dikawal bener2 ini supaya yang jadi presiden dan wakilnya itu orang yang punya sepak terbang baik. Akademisi di kampus2 besar mayoritas dukung Anies. Berdasarkan survey di tiap2 universitas.",2024-01-07T18:05:09Z,1,
@MazhabSyafii,"@@robymaulana5266 ya itu kan pendapat mu, 
Silahkan buktikan nanti tanggal 14 februari",2024-01-07T19:18:55Z,0,
@mohammadziaulhaq8242,Love anisâ¤,2024-01-07T15:52:21Z,4,0
@TheBockWola,"Pak Anies pak Amin bajunya kyk penyanyi duo Il Divo (bukan kwartet), penyanyk luar negeri America...",2024-01-07T15:51:32Z,1,0
@TORIZID,Pembohong Rumah DP 0%,2024-01-07T15:51:05Z,13,4
@justcallmewo,Apa ny yg bohong? ğŸ˜‚,2024-01-07T15:52:45Z,2,
@user-re2ch5dm1n,â€‹@@justcallmewoApanya yg bnr ???,2024-01-07T15:58:51Z,3,
@wongkito3864,â€‹@@justcallmewo kamu sudah tau tapi sok tidak tau... ğŸ˜‚ğŸ˜‚ğŸ˜‚itulah ciri khas pendukungnya angin kritingğŸ˜‚ğŸ˜‚,2024-01-07T16:20:40Z,1,
@chichaoctavianty7005,@TORIZID BUZZER RECEH 2,2024-01-07T18:31:19Z,0,
@zakichan74,"Jawaban PRABOWO jelas sesuai pngalaman Beliau slama mnjabat MenhanâœŒï¸. Prtanyaan paslon3 dijwb tgas, Justru anggaran MEF Pak PRABOWO sudah Tpat, tdk bikin jbol APBN! Pilgub paslon1 tdk etis jualan ayat

â€œSi Vis Pacem, Para Bellumâ€, â€œIf You Want Peace, Prepare For War"" (jika ingin damai bersiaplah utk brperang).âœŒï¸ğŸ‰Margaret Thatcher quote ""Alusista yg hebat, Alusista yg tidak digunakan utk berperang""!

Sedia Payung sblum hujan Lebih tepatnya analogy pentingnya prtahanan Alusista, SDM & pangan yg kuat dlm hubungan internasional: Prtahanan kuat, diplomasi tentu juga kuat. Mantap pilih Prabowo-GibranâœŒï¸

Ukraine tidak siap Di agresi oleh Russia yg menang teknology Alusistanya; Armenia Kalah prang singkat dg ttangga nya Azarbaijan yg Lbih siap dg Alusistanya yg modern punya drone Turkey! Mantap pilihâœŒï¸

Jawaban PRABOWO jelas sesuai pngalaman Beliau slama mnjabat MenhanâœŒï¸. Prtanyaan paslon1 soal etik tdk nyambung dg tema dbat mlm iniğŸ¤¦! Justru A- tdk etis mnghalangi hak Anak muda utk mnjd pmimpin ğŸ‡®ğŸ‡©",2024-01-07T15:47:51Z,21,4
@darbawibawi8377,bayi jg jdi pemimpin...asal ayah presiden kanoha....,2024-01-07T16:18:39Z,1,
@nurullwakidah4363,ttep 02,2024-01-07T16:39:45Z,1,
@dashkiwing9339,"jagoan lu no 2 levelnya rendah jadi kasih pertanyaan etika aja udah cukup, kalau etika sudah pantas baru dikasih pertanyaannya lanjutan",2024-01-07T17:03:06Z,1,
@Zulkarnain-ke9lz,"prabowo kebanyakan kata-kata saudara-saudara sekalian. gw setuju poin yg pa anies bilang. benlanja senjata bekas, tapi tentara kita sengsara. Tanah prabowo dimana-mana bener juga perusahaan jg bnyk. kalo kata bu conie itu pake perusahaan fiktif pula belanja alustista. ada apa? trs prabowo bilang ada ambisi menggebu2. lah bukannya dia yg ambisi dg kekuasaan berkali-kali nyalon gagal.ğŸ˜‚ payah..",2024-01-07T17:26:09Z,2,
